{"cameraMode":{"drawMode":0,"name":"Shaded","section":"Shading Mode"},"sceneLighting":false,"audioPlay":false,"sceneViewState":{"showFog":true,"showMaterialUpdate":false,"showSkybox":true,"showFlares":true,"showImageEffects":true,"showParticleSystems":true},"in2DMode":false,"pivot":{"x":0.09999999403953552,"y":4.25,"z":-0.19999998807907105},"rotation":{"x":0.023930063471198083,"y":0.07370824366807938,"z":0.001769679132848978,"w":-0.9969911575317383},"size":1.1289420127868653,"orthographic":false}